{
    "materials": [{
        "visible": true,
        "opacity": 1,
        "DbgName": "Shape.002",
        "depthTest": true,
        "blending": "NormalBlending",
        "colorDiffuse": [0.19114,0.153791,0.64],
        "colorAmbient": [0.06365,0.051212,0.21312],
        "specularCoef": 49,
        "wireframe": false,
        "DbgColor": 15658734,
        "colorSpecular": [0.2005,0.2005,0.2005],
        "shading": "phong",
        "colorEmissive": [0,0,0],
        "DbgIndex": 0,
        "depthWrite": true,
        "transparent": true
    }],
    "uvs": [[0.75,0,0.85,0,0.85,1,0.75,1,0.95,0,0.95,1,1.05,0,1.05,1,0.05,0,0.15,0,0.15,1,0.05,1,0.25,0,0.25,1,0.35,0,0.35,1,0.45,0,0.45,1,0.55,0,0.55,1,0.65,0,0.65,1,0.2061,0.9045,0.0245,0.6545,0.0245,0.3455,0.7939,0.9045,0.2061,0.0955,0.5,0,0.7939,0.0955,0.9755,0.3455,0.9755,0.6545,0.5,1]],
    "name": "ShapeIndexedFaceSet_ShapeIndexedFaceSet.001Geometry.2",
    "faces": [43,0,1,2,3,0,0,1,2,3,0,1,2,3,43,1,4,5,2,0,1,4,5,2,1,4,5,2,43,4,6,7,5,0,4,6,7,5,4,6,7,5,43,6,8,9,7,0,8,9,10,11,6,8,9,7,43,8,10,11,9,0,9,12,13,10,8,10,11,9,43,10,12,13,11,0,12,14,15,13,10,12,13,11,43,12,14,15,13,0,14,16,17,15,12,14,15,13,43,14,16,17,15,0,16,18,19,17,14,16,17,15,43,16,18,19,17,0,18,20,21,19,16,18,19,17,43,18,0,3,19,0,20,0,3,21,18,0,3,19,43,2,5,7,19,0,22,23,24,25,2,5,7,19,43,7,9,11,19,0,24,26,27,25,7,9,11,19,43,11,13,15,19,0,27,28,29,25,11,13,15,19,42,15,17,19,0,29,30,25,15,17,19,42,3,2,19,0,31,22,25,3,2,19,43,1,0,20,21,0,1,0,31,22,1,0,20,21,43,0,18,22,20,0,0,20,25,31,0,18,22,20,43,18,16,23,22,0,20,18,30,25,18,16,23,22,43,16,14,24,23,0,18,16,29,30,16,14,24,23,43,14,12,25,24,0,16,14,28,29,14,12,25,24,43,12,10,26,25,0,14,12,27,28,12,10,26,25,43,10,8,27,26,0,12,9,26,27,10,8,27,26,43,8,6,28,27,0,9,8,24,26,8,6,28,27,43,6,4,29,28,0,6,4,23,24,6,4,29,28,43,4,1,21,29,0,4,1,22,23,4,1,21,29,43,21,20,30,31,0,22,31,31,22,21,20,30,31,43,20,22,32,30,0,31,25,25,31,20,22,32,30,43,22,23,33,32,0,25,30,30,25,22,23,33,32,43,23,24,34,33,0,30,29,29,30,23,24,34,33,43,24,25,35,34,0,29,28,28,29,24,25,35,34,43,25,26,36,35,0,28,27,27,28,25,26,36,35,43,26,27,37,36,0,27,26,26,27,26,27,37,36,43,27,28,38,37,0,26,24,24,26,27,28,38,37,43,28,29,39,38,0,24,23,23,24,28,29,39,38,43,29,21,31,39,0,23,22,22,23,29,21,31,39,43,31,30,40,41,0,22,31,31,22,31,30,40,41,43,30,32,42,40,0,31,25,25,31,30,32,42,40,43,32,33,43,42,0,25,30,30,25,32,33,43,42,43,33,34,44,43,0,30,29,29,30,33,34,44,43,43,34,35,45,44,0,29,28,28,29,34,35,45,44,43,35,36,46,45,0,28,27,27,28,35,36,46,45,43,36,37,47,46,0,27,26,26,27,36,37,47,46,43,37,38,48,47,0,26,24,24,26,37,38,48,47,43,38,39,49,48,0,24,23,23,24,38,39,49,48,43,39,31,41,49,0,23,22,22,23,39,31,41,49,43,41,40,50,51,0,22,31,31,22,41,40,50,51,43,40,42,52,50,0,31,25,25,31,40,42,52,50,43,42,43,53,52,0,25,30,30,25,42,43,53,52,43,43,44,54,53,0,30,29,29,30,43,44,54,53,43,44,45,55,54,0,29,28,28,29,44,45,55,54,43,45,46,56,55,0,28,27,27,28,45,46,56,55,43,46,47,57,56,0,27,26,26,27,46,47,57,56,43,47,48,58,57,0,26,24,24,26,47,48,58,57,43,48,49,59,58,0,24,23,23,24,48,49,59,58,43,49,41,51,59,0,23,22,22,23,49,41,51,59,43,51,50,60,61,0,22,31,31,22,51,50,60,61,43,50,52,62,60,0,31,25,25,31,50,52,62,60,43,52,53,63,62,0,25,30,30,25,52,53,63,62,43,53,54,64,63,0,30,29,29,30,53,54,64,63,43,54,55,65,64,0,29,28,28,29,54,55,65,64,43,55,56,66,65,0,28,27,27,28,55,56,66,65,43,56,57,67,66,0,27,26,26,27,56,57,67,66,43,57,58,68,67,0,26,24,24,26,57,58,68,67,43,58,59,69,68,0,24,23,23,24,58,59,69,68,43,59,51,61,69,0,23,22,22,23,59,51,61,69],
    "metadata": {
        "materials": 1,
        "uvs": 1,
        "faces": 65,
        "generator": "io_three",
        "version": 3,
        "type": "Geometry",
        "normals": 70,
        "vertices": 70
    },
    "normals": [0.975951,0,0.217933,0.789544,0.573626,0.217933,0.481948,0.350139,0.803156,0.595721,0,0.803156,0.301584,0.92819,0.217933,0.184088,0.566546,0.803156,-0.301584,0.92819,0.217933,-0.184088,0.566546,0.803156,-0.789544,0.573656,0.217933,-0.481948,0.350139,0.803156,-0.975951,0,0.217933,-0.595721,0,0.803156,-0.789544,-0.573626,0.217933,-0.481948,-0.350139,0.803156,-0.301584,-0.92819,0.217933,-0.184088,-0.566546,0.803156,0.301584,-0.92819,0.217933,0.184088,-0.566546,0.803156,0.789544,-0.573626,0.217933,0.481948,-0.350139,0.803156,0.92523,0,0.379315,0.748527,0.54384,0.379315,0.748527,-0.54384,0.379315,0.285897,-0.879971,0.379315,-0.285897,-0.879971,0.379315,-0.748527,-0.54384,0.379315,-0.92523,0,0.379315,-0.748527,0.54384,0.379315,-0.285897,0.879971,0.379315,0.285897,0.879971,0.379315,0.942991,0,0.332743,0.762902,0.554277,0.332743,0.762902,-0.554277,0.332743,0.291391,-0.896847,0.332743,-0.291391,-0.896847,0.332743,-0.762902,-0.554277,0.332743,-0.942991,0,0.332743,-0.762902,0.554277,0.332743,-0.291391,0.896847,0.332743,0.291391,0.896847,0.332743,0.765252,0,-0.643696,0.619098,0.449782,-0.643696,0.619098,-0.449782,-0.643696,0.236457,-0.727805,-0.643696,-0.236457,-0.727805,-0.643696,-0.619098,-0.449782,-0.643696,-0.765252,0,-0.643696,-0.619098,0.449812,-0.643696,-0.236457,0.727805,-0.643696,0.236457,0.727805,-0.643696,-0.241127,0,-0.970489,-0.195074,-0.141697,-0.970489,-0.195074,0.141728,-0.970489,-0.074496,0.229316,-0.970489,0.074496,0.229316,-0.970489,0.195044,0.141728,-0.970489,0.241096,0,-0.970489,0.195044,-0.141697,-0.970489,0.074496,-0.229316,-0.970489,-0.074496,-0.229316,-0.970489,-0.567186,0,-0.823573,-0.458846,-0.333384,-0.823573,-0.458876,0.333384,-0.823573,-0.175268,0.539415,-0.823573,0.175268,0.539415,-0.823573,0.458846,0.333384,-0.823573,0.567156,0,-0.823573,0.458846,-0.333384,-0.823573,0.175268,-0.539415,-0.823573,-0.175268,-0.539415,-0.823573],
    "vertices": [0.778593,-1e-06,0.311319,0.629897,0.457648,0.311319,0.550067,0.399646,0.511212,0.679923,-1e-06,0.511212,0.240599,0.740485,0.311319,0.210109,0.646642,0.511212,-0.2406,0.740485,0.311319,-0.210105,0.646642,0.511212,-0.629893,0.457648,0.311319,-0.550067,0.399646,0.511212,-0.778594,-1e-06,0.311319,-0.679919,-1e-06,0.511212,-0.629893,-0.457646,0.311319,-0.550067,-0.399648,0.511212,-0.2406,-0.740487,0.311319,-0.210105,-0.646644,0.511212,0.240599,-0.740487,0.311319,0.210109,-0.646644,0.511212,0.629897,-0.457646,0.311319,0.550067,-0.399648,0.511212,0.778591,-1e-06,-4.47893,0.629895,0.457648,-4.47893,0.629895,-0.457646,-4.47893,0.240597,-0.740487,-4.47893,-0.240601,-0.740487,-4.47893,-0.629895,-0.457646,-4.47893,-0.778596,-1e-06,-4.47893,-0.629895,0.457648,-4.47893,-0.240601,0.740485,-4.47893,0.240597,0.740485,-4.47893,1.06202,-1e-06,-4.79978,0.859194,0.624241,-4.79978,0.859194,-0.624238,-4.79978,0.328181,-1.01004,-4.79978,-0.328182,-1.01004,-4.79978,-0.859194,-0.624238,-4.79978,-1.06202,-1e-06,-4.79978,-0.859194,0.624241,-4.79978,-0.328182,1.01004,-4.79978,0.328181,1.01005,-4.79978,1.06202,-1e-06,-5.56622,0.859194,0.624241,-5.56622,0.859194,-0.624238,-5.56622,0.328181,-1.01004,-5.56622,-0.328182,-1.01004,-5.56622,-0.859194,-0.624238,-5.56622,-1.06202,-1e-06,-5.56622,-0.859194,0.624241,-5.56622,-0.328182,1.01004,-5.56622,0.328181,1.01005,-5.56622,1.0145,-1e-06,-5.56622,0.82075,0.596313,-5.56622,0.82075,-0.59631,-5.56622,0.313499,-0.964851,-5.56622,-0.313499,-0.964851,-5.56622,-0.820755,-0.59631,-5.56622,-1.01451,-1e-06,-5.56622,-0.820755,0.596313,-5.56622,-0.313499,0.96485,-5.56622,0.313499,0.964854,-5.56622,0.959382,-1e-06,-5.52826,0.776155,0.563915,-5.52826,0.77616,-0.563912,-5.52826,0.296466,-0.91243,-5.52826,-0.296467,-0.91243,-5.52826,-0.77616,-0.563912,-5.52826,-0.959387,-1e-06,-5.52826,-0.77616,0.563915,-5.52826,-0.296467,0.912428,-5.52826,0.296466,0.912433,-5.52826]
}